date,open,high,low,close,volume,amount
2017-06-01,3108.42,3113.52,3097.68,3102.62,1630157.0,180782628864.0
2017-06-02,3094.23,3110.39,3081.85,3105.54,1425049.0,154454343680.0
2017-06-05,3102.11,3105.51,3084.83,3091.66,1325703.0,143429795840.0
2017-06-06,3084.54,3102.86,3078.79,3102.13,1134399.0,127804620800.0
2017-06-07,3101.76,3140.77,3098.95,3140.32,1732290.0,194287943680.0
2017-06-08,3136.47,3153.26,3132.83,3150.33,1522776.0,178894290944.0
2017-06-09,3147.45,3165.92,3146.11,3158.4,1601363.0,181584887808.0
2017-06-12,3149.53,3164.95,3135.31,3139.88,1467294.0,170223271936.0
2017-06-13,3134.01,3155.99,3131.04,3153.74,1283182.0,148457865216.0
2017-06-14,3146.75,3149.17,3125.35,3130.67,1383470.0,160641236992.0
2017-06-15,3125.59,3137.59,3117.08,3132.49,1469542.0,171124523008.0
2017-06-16,3126.37,3134.25,3117.86,3123.17,1296527.0,149215477760.0
2017-06-19,3122.16,3146.77,3121.78,3144.37,1348917.0,151741792256.0
2017-06-20,3148.02,3150.46,3134.61,3140.01,1411918.0,162498019328.0
2017-06-21,3148.99,3157.03,3132.62,3156.21,1366882.0,167048216576.0
2017-06-22,3152.24,3186.98,3146.64,3147.45,1913440.0,220438446080.0
2017-06-23,3138.44,3158.05,3118.09,3157.87,1548436.0,175568519168.0
2017-06-26,3157.0,3187.89,3156.98,3185.44,1735792.0,200419295232.0
2017-06-27,3183.42,3193.46,3172.46,3191.2,1482012.0,167523794944.0
2017-06-28,3183.63,3193.44,3170.79,3173.2,1465167.0,162081095680.0
2017-06-29,3174.98,3188.77,3174.28,3188.06,1287554.0,147249790976.0
2017-06-30,3176.95,3193.24,3171.57,3192.43,1214645.0,143195602944.0
2017-07-03,3192.0,3196.29,3177.02,3195.91,1403057.0,156575776768.0
2017-07-04,3192.89,3193.06,3174.31,3182.8,1411149.0,161454555136.0
2017-07-05,3179.22,3207.31,3174.71,3207.13,1482964.0,173554008064.0
2017-07-06,3203.86,3215.95,3188.77,3212.44,1758092.0,202209624064.0
2017-07-07,3203.82,3219.52,3195.29,3217.96,1767154.0,201938321408.0
2017-07-10,3208.46,3223.34,3203.21,3212.63,1989280.0,222828314624.0
2017-07-11,3201.52,3226.91,3199.22,3203.04,1878372.0,205493370880.0
2017-07-12,3201.93,3215.2,3177.93,3197.54,1869008.0,201799614464.0
2017-07-13,3192.36,3219.27,3190.34,3218.16,1953036.0,210820890624.0
2017-07-14,3212.03,3222.98,3204.85,3222.42,1601267.0,174312144896.0
2017-07-17,3219.79,3230.35,3139.5,3176.46,2662052.0,274653249536.0
2017-07-18,3159.73,3187.67,3150.13,3187.57,1906230.0,196452368384.0
2017-07-19,3181.4,3232.94,3179.73,3230.98,2724207.0,269771014144.0
2017-07-20,3227.51,3246.24,3225.43,3244.86,2321083.0,245825421312.0
2017-07-21,3236.59,3247.71,3231.96,3237.98,2060032.0,221956915200.0
2017-07-24,3230.9,3261.1,3230.07,3250.6,2330564.0,250631192576.0
2017-07-25,3249.14,3261.65,3233.14,3243.69,2055738.0,213405499392.0
2017-07-26,3244.46,3264.85,3228.04,3247.67,2135420.0,228460511232.0
2017-07-27,3243.76,3251.93,3220.64,3249.78,2284859.0,242572083200.0
2017-07-28,3240.17,3256.37,3232.96,3253.24,1822268.0,198428590080.0
2017-07-31,3252.75,3276.95,3251.19,3273.03,2460394.0,253525917696.0
2017-08-01,3274.37,3292.64,3273.5,3292.64,2371946.0,256419938304.0
2017-08-02,3288.52,3305.43,3282.04,3285.06,2667306.0,279352344576.0
2017-08-03,3279.99,3293.37,3262.16,3272.93,2332770.0,243549536256.0
2017-08-04,3269.32,3287.19,3261.31,3262.08,2759063.0,285634756608.0
2017-08-07,3257.67,3280.1,3243.72,3279.46,2311733.0,231874379776.0
2017-08-08,3277.19,3285.48,3269.66,3281.87,2520435.0,255770181632.0
2017-08-09,3277.81,3277.94,3263.85,3275.57,2355979.0,237815119872.0
2017-08-10,3269.73,3282.52,3236.18,3261.75,2406846.0,251854045184.0
2017-08-11,3237.92,3245.12,3200.75,3208.54,2629630.0,266998267904.0
2017-08-14,3206.04,3240.05,3206.04,3237.36,1903468.0,209096081408.0
2017-08-15,3235.23,3263.59,3235.1,3251.26,1822980.0,204595855360.0
2017-08-16,3247.85,3248.78,3228.87,3246.45,1768520.0,200832532480.0
2017-08-17,3253.85,3269.14,3251.46,3268.43,2036225.0,228376936448.0
2017-08-18,3253.24,3275.08,3248.08,3268.72,1911224.0,218437746688.0
2017-08-21,3274.58,3287.52,3270.48,3286.91,1861224.0,209718591488.0
2017-08-22,3287.61,3293.48,3274.94,3290.23,1865379.0,222927486976.0
2017-08-23,3283.8,3299.46,3274.44,3287.7,1798322.0,204330418176.0
2017-08-24,3287.96,3297.99,3266.36,3271.51,1634689.0,186245054464.0
2017-08-25,3271.46,3331.91,3271.46,3331.52,2058394.0,227141025792.0
2017-08-28,3336.13,3375.03,3336.13,3362.65,2574614.0,305319870464.0
2017-08-29,3362.06,3374.59,3354.46,3365.23,2195045.0,268916097024.0
2017-08-30,3361.82,3376.65,3357.08,3363.63,2468633.0,279640801280.0
2017-08-31,3361.46,3367.36,3340.69,3360.81,2344197.0,269133103104.0
2017-09-01,3365.99,3381.93,3358.47,3367.12,2824976.0,313722077184.0
2017-09-04,3369.72,3381.4,3359.13,3379.58,2674278.0,296348418048.0
2017-09-05,3377.2,3390.82,3371.57,3384.32,2165529.0,245596602368.0
2017-09-06,3372.43,3391.01,3364.76,3385.39,2290907.0,262034653184.0
2017-09-07,3383.63,3387.8,3363.18,3365.5,2211187.0,264037023744.0
2017-09-08,3364.43,3380.89,3353.69,3365.24,1984051.0,235160223744.0
2017-09-11,3365.35,3384.81,3360.05,3376.42,2190110.0,256888815616.0
2017-09-12,3381.49,3391.07,3370.85,3379.49,2729103.0,325024940032.0
2017-09-13,3374.72,3387.14,3366.54,3384.15,1945507.0,230733414400.0
2017-09-14,3383.47,3391.64,3361.33,3371.43,2213064.0,256744423424.0
2017-09-15,3365.15,3365.53,3345.33,3353.62,2197658.0,252910682112.0
2017-09-18,3352.51,3371.75,3352.51,3362.86,1903196.0,227938631680.0
2017-09-19,3365.53,3370.4,3344.71,3356.84,1911297.0,220728737792.0
2017-09-20,3352.18,3370.1,3346.54,3366.0,1921966.0,225839071232.0
2017-09-21,3364.7,3377.88,3356.88,3357.81,1974486.0,231946125312.0
2017-09-22,3347.16,3356.45,3334.98,3352.53,1792340.0,206583463936.0
2017-09-25,3344.59,3350.96,3334.94,3341.55,1696213.0,202401693696.0
2017-09-26,3336.35,3347.16,3332.6,3343.58,1326285.0,159039635456.0
2017-09-27,3340.82,3349.69,3340.3,3345.27,1430869.0,168981331968.0
2017-09-28,3343.84,3344.6,3336.18,3339.64,1494443.0,181955624960.0
2017-09-29,3340.31,3357.02,3340.31,3348.94,1448624.0,175892824064.0
2017-10-09,3403.25,3410.17,3366.97,3374.38,1917360.0,227440590848.0
2017-10-10,3373.34,3384.03,3358.8,3382.99,1794238.0,231148617728.0
2017-10-11,3381.49,3395.78,3379.16,3388.28,1814767.0,231154499584.0
2017-10-12,3385.53,3390.2,3372.53,3386.1,1618093.0,201667870720.0
2017-10-13,3384.49,3395.75,3383.24,3390.52,1399547.0,181118451712.0
2017-10-16,3393.21,3400.51,3374.77,3378.47,1743306.0,221650681856.0
2017-10-17,3373.23,3382.41,3365.56,3372.04,1253817.0,162910830592.0
2017-10-18,3373.53,3383.23,3371.92,3381.79,1572287.0,194298773504.0
2017-10-19,3374.64,3378.74,3359.63,3370.17,1584765.0,187921285120.0
2017-10-20,3363.51,3379.77,3360.1,3378.65,1271728.0,155065090048.0
2017-10-23,3382.28,3385.29,3374.71,3380.7,1308462.0,164369448960.0
2017-10-24,3376.6,3388.69,3374.12,3388.25,1398975.0,178552881152.0
2017-10-25,3384.86,3398.3,3382.03,3396.9,1231312.0,160060702720.0
2017-10-26,3397.52,3414.24,3391.45,3407.57,1837686.0,238596128768.0
2017-10-27,3404.5,3421.1,3402.11,3416.81,1702571.0,212377190400.0
2017-10-30,3413.87,3419.73,3357.28,3390.34,2083492.0,257776648192.0
2017-10-31,3381.0,3397.1,3376.12,3393.34,1534982.0,199929577472.0
2017-11-01,3393.97,3410.35,3388.6,3395.91,1805661.0,231978385408.0
2017-11-02,3391.65,3391.65,3372.21,3383.31,1668642.0,210014978048.0
2017-11-03,3377.74,3380.57,3347.36,3371.74,1727147.0,207437938688.0
2017-11-06,3369.69,3389.38,3356.53,3388.17,1546364.0,204311232512.0
2017-11-07,3389.47,3415.15,3387.95,3413.57,1905717.0,242595954688.0
2017-11-08,3409.15,3434.49,3404.88,3415.46,1854364.0,242025594880.0
2017-11-09,3410.67,3428.77,3408.62,3427.79,1586504.0,205433667584.0
2017-11-10,3423.18,3438.79,3414.33,3432.67,1892765.0,255772114944.0
2017-11-13,3435.18,3449.16,3435.08,3447.84,2053890.0,266738122752.0
2017-11-14,3446.55,3450.49,3419.69,3429.55,1964726.0,267435425792.0
2017-11-15,3416.21,3423.75,3396.38,3402.52,1687920.0,239734194176.0
2017-11-16,3393.19,3409.65,3390.59,3399.25,1566843.0,220862464000.0
2017-11-17,3392.68,3403.29,3373.3,3382.91,2494581.0,313750355968.0
2017-11-20,3361.36,3393.11,3337.12,3392.4,1765246.0,228308140032.0
2017-11-21,3382.36,3419.8,3377.6,3410.5,1968718.0,265303851008.0
2017-11-22,3417.33,3442.18,3404.29,3430.46,2135671.0,273674731520.0
2017-11-23,3425.01,3429.42,3342.33,3351.92,2152654.0,270469021696.0
2017-11-24,3340.38,3360.75,3328.33,3353.82,1595696.0,207623880704.0
2017-11-27,3346.66,3347.05,3315.26,3322.23,1664391.0,205803405312.0
2017-11-28,3311.23,3333.8,3300.78,3333.66,1382477.0,167062929408.0
2017-11-29,3335.57,3343.06,3305.57,3337.86,1838059.0,217769443328.0
2017-11-30,3328.64,3340.92,3306.28,3317.19,1565958.0,192076791808.0
2017-12-01,3315.11,3324.52,3302.44,3317.62,1391983.0,177490264064.0
2017-12-04,3310.38,3324.0,3304.1,3309.62,1480532.0,185025363968.0
2017-12-05,3301.69,3315.74,3300.51,3303.68,2082788.0,243489603584.0
2017-12-06,3291.31,3296.2,3254.61,3293.96,1516044.0,179174375424.0
2017-12-07,3283.28,3291.28,3259.16,3272.05,1321059.0,161764589568.0
2017-12-08,3264.48,3297.13,3258.76,3289.99,1332093.0,165761646592.0
2017-12-11,3290.49,3322.67,3288.29,3322.2,1319659.0,172986433536.0
2017-12-12,3320.31,3320.31,3280.33,3280.81,1246048.0,160978616320.0
2017-12-13,3278.4,3304.01,3273.32,3303.04,1119986.0,145295310848.0
2017-12-14,3302.93,3309.53,3282.57,3292.44,1205442.0,151346085888.0
2017-12-15,3287.53,3287.53,3259.39,3266.14,1309406.0,161877917696.0
2017-12-18,3268.03,3280.54,3254.18,3267.92,1207003.0,149738225664.0
2017-12-19,3266.02,3296.94,3266.02,3296.54,1151401.0,150786588672.0
2017-12-20,3296.74,3300.21,3276.12,3287.61,1377451.0,167961853952.0
2017-12-21,3281.12,3309.22,3267.4,3300.06,1421279.0,173740097536.0
2017-12-22,3297.69,3307.33,3293.44,3297.06,1240473.0,152099438592.0
2017-12-25,3296.21,3312.3,3270.44,3280.46,1468936.0,177293590528.0
2017-12-26,3277.84,3307.3,3274.33,3306.12,1424345.0,174679261184.0
2017-12-27,3302.46,3307.08,3270.35,3275.78,1626749.0,198264668160.0
2017-12-28,3272.29,3304.1,3263.73,3296.38,1753716.0,208019865600.0
2017-12-29,3295.25,3308.22,3292.77,3307.17,1415868.0,170356752384.0
2018-01-02,3314.03,3349.05,3314.03,3348.33,2022788.0,227788455936.0
2018-01-03,3347.74,3379.92,3345.29,3369.11,2138361.0,258366521344.0
2018-01-04,3371.0,3392.83,3365.3,3385.71,2069553.0,243090767872.0
2018-01-05,3386.46,3402.07,3380.25,3391.75,2130607.0,248187846656.0
2018-01-08,3391.55,3412.73,3384.56,3409.48,2361651.0,286213210112.0
2018-01-09,3406.11,3417.23,3403.59,3413.9,1914885.0,238249967616.0
2018-01-10,3414.11,3430.21,3398.84,3421.83,2090949.0,254515445760.0
2018-01-11,3415.58,3426.48,3405.64,3425.35,1738121.0,218414137344.0
2018-01-12,3423.88,3435.42,3417.98,3428.94,1740634.0,215961452544.0
2018-01-15,3428.95,3442.5,3402.31,3410.49,2320092.0,286362730496.0
2018-01-16,3403.47,3437.58,3401.96,3436.59,2114754.0,266578821120.0
2018-01-17,3438.58,3465.2,3430.51,3444.67,2610450.0,316532686848.0
2018-01-18,3449.88,3476.55,3448.79,3474.75,2200395.0,267692638208.0
2018-01-19,3481.62,3498.43,3474.29,3487.86,2475367.0,294189072384.0
2018-01-22,3476.99,3503.39,3475.67,3501.36,2174875.0,261295718400.0
2018-01-23,3504.34,3547.22,3504.34,3546.5,2387059.0,282091880448.0
2018-01-24,3553.48,3569.49,3527.11,3559.47,2529545.0,307629228032.0
2018-01-25,3555.17,3571.48,3528.03,3548.31,2434134.0,287989530624.0
2018-01-26,3535.49,3574.9,3534.2,3558.13,2226983.0,258149515264.0
2018-01-29,3563.64,3587.03,3510.27,3523.0,2360269.0,285417013248.0
2018-01-30,3511.5,3523.05,3484.66,3488.01,1863699.0,224681689088.0
2018-01-31,3470.51,3495.45,3454.73,3480.83,2072534.0,242657951744.0
2018-02-01,3478.67,3495.09,3424.42,3446.98,2605047.0,292882251776.0
2018-02-02,3419.22,3463.16,3388.86,3462.08,2081205.0,236278759424.0
2018-02-05,3411.67,3487.72,3406.24,3487.5,2176737.0,252198764544.0
2018-02-06,3418.01,3440.12,3364.22,3370.65,2805555.0,318818549760.0
2018-02-07,3412.74,3425.54,3304.01,3309.26,2609397.0,295264419840.0
2018-02-08,3281.05,3307.16,3225.71,3262.05,2012625.0,222348689408.0
2018-02-09,3172.85,3180.11,3062.74,3129.85,2563891.0,272095084544.0
2018-02-12,3128.37,3168.13,3113.61,3154.13,1533108.0,171003183104.0
2018-02-13,3176.11,3219.22,3176.11,3184.96,1515276.0,172045205504.0
2018-02-14,3188.25,3203.5,3171.38,3199.16,1003228.0,114552201216.0
2018-02-22,3237.57,3269.92,3234.12,3268.56,1387304.0,157303881728.0
2018-02-23,3275.43,3294.13,3258.49,3289.02,1457903.0,159502516224.0
2018-02-26,3307.29,3335.99,3281.62,3329.57,1885686.0,213333032960.0
2018-02-27,3328.67,3328.67,3284.63,3292.07,1742193.0,204394381312.0
2018-02-28,3264.06,3277.83,3239.84,3259.41,1510435.0,180233814016.0
2018-03-01,3235.09,3280.15,3228.58,3273.75,1590983.0,185277775872.0
2018-03-02,3248.45,3269.94,3242.27,3254.53,1508610.0,178602999808.0
2018-03-05,3255.87,3269.4,3236.72,3256.93,1448359.0,174148632576.0
2018-03-06,3266.49,3290.25,3243.65,3289.64,1953580.0,224381796352.0
2018-03-07,3288.86,3308.41,3264.76,3271.67,1686650.0,193489338368.0
2018-03-08,3268.35,3289.5,3261.55,3288.41,1498275.0,175895396352.0
2018-03-09,3291.43,3309.72,3283.56,3307.17,1684245.0,202349182976.0
2018-03-12,3319.21,3333.56,3313.56,3326.7,2065324.0,247894179840.0
2018-03-13,3324.12,3333.88,3307.38,3310.24,1771143.0,202375118848.0
2018-03-14,3298.67,3304.98,3287.36,3291.38,1574910.0,183457628160.0
2018-03-15,3277.51,3297.1,3273.2,3291.11,1485736.0,179516620800.0
2018-03-16,3290.21,3300.57,3269.28,3269.88,1412036.0,167761526784.0
2018-03-19,3264.93,3280.57,3251.05,3279.25,1379549.0,169772204032.0
2018-03-20,3257.22,3292.57,3252.43,3290.64,1398810.0,166979878912.0
2018-03-21,3299.73,3314.21,3268.88,3280.95,1683982.0,208617684992.0
2018-03-22,3281.26,3288.8,3242.76,3263.48,1504329.0,184471732224.0
2018-03-23,3172.77,3188.24,3110.66,3152.76,2755320.0,293405065216.0
2018-03-26,3117.32,3134.28,3091.46,3133.72,1863663.0,215910252544.0
2018-03-27,3164.8,3172.78,3143.57,3166.65,1890733.0,227085090816.0
2018-03-28,3130.57,3165.21,3117.53,3122.29,1635004.0,208617848832.0
2018-03-29,3127.26,3174.51,3098.25,3160.53,1703123.0,210920226816.0
2018-03-30,3161.79,3177.72,3152.89,3168.9,1546465.0,196006690816.0
2018-04-02,3169.78,3192.34,3159.99,3163.18,1777277.0,226253570048.0
2018-04-03,3130.01,3144.33,3119.13,3136.63,1522166.0,189692723200.0
2018-04-04,3147.05,3163.34,3128.87,3131.11,1469766.0,193492828160.0
2018-04-09,3125.44,3146.09,3110.3,3138.29,1396086.0,177236918272.0
2018-04-10,3144.26,3190.65,3139.08,3190.32,1682013.0,206087405568.0
2018-04-11,3197.37,3220.85,3191.59,3208.08,1758672.0,211420430336.0
2018-04-12,3203.28,3205.25,3177.05,3180.16,1482313.0,185040060416.0
2018-04-13,3192.04,3197.9,3155.51,3159.05,1275523.0,163651747840.0
2018-04-16,3152.89,3153.11,3096.1,3110.65,1544157.0,192233357312.0
2018-04-17,3112.97,3118.76,3064.03,3066.8,1472228.0,185428033536.0
2018-04-18,3091.91,3096.89,3041.63,3091.4,1592905.0,202238967808.0
2018-04-19,3094.27,3127.44,3090.29,3117.38,1600568.0,196198989824.0
2018-04-20,3105.46,3111.17,3065.92,3071.54,1551470.0,185139068928.0
2018-04-23,3063.44,3085.06,3045.94,3068.01,1316863.0,157854793728.0
2018-04-24,3069.75,3136.04,3069.75,3128.93,1622748.0,195545006080.0
2018-04-25,3112.4,3122.91,3107.0,3117.97,1273110.0,161298137088.0
2018-04-26,3119.5,3121.93,3067.93,3075.03,1339727.0,163783770112.0
2018-04-27,3082.41,3088.03,3049.91,3082.23,1312256.0,179520258048.0
2018-05-02,3087.41,3097.6,3064.76,3081.18,1341845.0,168246149120.0
2018-05-03,3074.52,3105.66,3056.16,3100.86,1399856.0,173444956160.0
2018-05-04,3093.12,3104.09,3086.78,3091.03,1187112.0,148436369408.0
2018-05-07,3094.9,3136.84,3091.66,3136.64,1389481.0,178243862528.0
2018-05-08,3135.3,3169.7,3134.06,3161.5,1469270.0,189011640320.0
2018-05-09,3160.14,3165.37,3145.66,3159.15,1226372.0,153456427008.0
2018-05-10,3169.05,3176.14,3155.53,3174.41,1330007.0,165440356352.0
2018-05-11,3179.8,3180.76,3162.21,3163.26,1306597.0,167364296704.0
2018-05-14,3167.04,3183.82,3163.48,3174.03,1293273.0,172410683392.0
2018-05-15,3180.42,3192.81,3164.52,3192.12,1245490.0,162990784512.0
2018-05-16,3180.23,3191.95,3166.81,3169.57,1305249.0,174590984192.0
2018-05-17,3170.01,3172.77,3148.62,3154.28,1139955.0,150598844416.0
2018-05-18,3151.08,3193.45,3144.78,3193.3,1365169.0,168038055936.0
2018-05-21,3206.18,3219.74,3203.34,3213.84,1644594.0,202663460864.0
2018-05-22,3211.25,3214.59,3192.23,3214.35,1442926.0,185721667584.0
2018-05-23,3205.44,3205.44,3168.96,3168.96,1578076.0,199358103552.0
2018-05-24,3167.94,3173.53,3152.07,3154.65,1240858.0,160658178048.0
2018-05-25,3148.41,3156.73,3131.07,3141.3,1286108.0,166554042368.0
2018-05-28,3136.81,3149.66,3115.96,3135.08,1287559.0,168191262720.0
2018-05-29,3129.62,3143.21,3112.15,3120.46,1357177.0,177826103296.0
2018-05-30,3081.14,3085.4,3041.0,3041.44,1551151.0,191995199488.0
2018-05-31,3061.83,3098.08,3054.27,3095.47,1404755.0,185199034368.0
2018-06-01,3084.75,3102.09,3059.79,3075.14,1298722.0,166548881408.0
2018-06-04,3083.43,3098.4,3076.99,3091.19,1145939.0,154671611904.0
2018-06-05,3088.01,3114.77,3080.05,3114.21,1187355.0,164806311936.0
2018-06-06,3109.17,3117.53,3103.53,3115.18,1201961.0,162879963136.0
2018-06-07,3121.18,3128.72,3105.58,3109.5,1277849.0,167174307840.0
2018-06-08,3100.6,3100.68,3053.29,3067.15,1346882.0,161178779648.0
2018-06-11,3057.34,3063.61,3037.91,3052.78,1085637.0,143037317120.0
2018-06-12,3053.03,3081.45,3034.1,3079.8,1132751.0,154469089280.0
2018-06-13,3071.46,3071.46,3044.12,3049.8,1196078.0,155935260672.0
2018-06-14,3038.07,3066.05,3032.41,3044.16,1154694.0,147588825088.0
2018-06-15,3037.45,3048.8,3008.73,3021.9,1445325.0,162196013056.0
2018-06-19,2982.65,2984.97,2871.35,2907.82,2305500.0,241203642368.0
2018-06-20,2889.98,2925.56,2872.16,2915.73,1443014.0,153334284288.0
2018-06-21,2912.0,2940.59,2872.62,2875.81,1543783.0,159713165312.0
2018-06-22,2855.58,2891.97,2837.14,2889.76,1261431.0,127161475072.0
2018-06-25,2903.45,2908.62,2857.87,2859.34,1219176.0,132350468096.0
2018-06-26,2829.99,2850.24,2803.79,2844.51,1259184.0,138447241216.0
2018-06-27,2842.4,2854.26,2798.8,2813.18,1294208.0,142413496320.0
2018-06-28,2799.9,2825.99,2782.45,2786.9,1183579.0,129687429120.0
2018-06-29,2789.81,2848.37,2782.38,2847.42,1256716.0,135652376576.0
2018-07-02,2841.58,2845.68,2756.81,2775.56,1370350.0,147562758144.0
2018-07-03,2774.57,2786.89,2722.45,2786.89,1424984.0,161668022272.0
2018-07-04,2776.63,2793.18,2754.16,2759.13,1232621.0,131016163328.0
2018-07-05,2755.34,2777.52,2727.94,2733.88,1292261.0,132993671168.0
2018-07-06,2731.35,2768.87,2691.02,2747.23,1362943.0,148193034240.0
2018-07-09,2752.45,2815.79,2752.45,2815.11,1215493.0,135654522880.0
2018-07-10,2819.71,2828.49,2800.63,2827.63,1170627.0,132633116672.0
2018-07-11,2780.7,2794.36,2752.44,2777.77,1268211.0,138318168064.0
2018-07-12,2771.04,2844.19,2771.04,2837.66,1469801.0,170319085568.0
2018-07-13,2831.43,2835.46,2818.85,2831.18,1176893.0,146300878848.0
2018-07-16,2827.08,2837.51,2804.49,2814.04,1077671.0,129411194880.0
2018-07-17,2806.89,2806.92,2774.76,2798.13,1054092.0,124035194880.0
2018-07-18,2801.78,2818.4,2786.04,2787.26,1209611.0,138557145088.0
2018-07-19,2791.02,2805.01,2764.49,2772.55,1144865.0,129374568448.0
2018-07-20,2769.75,2837.86,2753.84,2829.27,1459076.0,155661123584.0
2018-07-23,2815.2,2863.57,2809.62,2859.54,1733828.0,186996850688.0
2018-07-24,2862.27,2911.46,2862.27,2905.56,2295783.0,228701880320.0
2018-07-25,2911.45,2912.31,2894.04,2903.65,1678002.0,166412075008.0
2018-07-26,2905.79,2915.3,2875.7,2882.23,1684282.0,157496688640.0
2018-07-27,2879.69,2889.69,2864.11,2873.59,1463716.0,132419371008.0
2018-07-30,2871.94,2896.01,2850.3,2869.05,1516522.0,145988583424.0
2018-07-31,2866.9,2884.68,2854.32,2876.4,1189311.0,119528767488.0
2018-08-01,2882.51,2897.4,2823.93,2824.53,1495143.0,151692869632.0
2018-08-02,2815.34,2815.34,2726.48,2768.02,1741790.0,169769320448.0
2018-08-03,2763.4,2777.66,2740.43,2740.44,1270063.0,129134690304.0
2018-08-06,2736.53,2760.47,2692.32,2705.16,1297530.0,132993802240.0
2018-08-07,2711.74,2779.37,2696.04,2779.37,1495797.0,147259490304.0
2018-08-08,2771.13,2779.91,2741.07,2744.07,1476887.0,139969757184.0
2018-08-09,2729.58,2801.66,2726.22,2794.38,1516603.0,151079878656.0
2018-08-10,2791.4,2806.12,2777.51,2795.31,1215322.0,123112595456.0
2018-08-13,2769.02,2789.8,2742.56,2785.87,1275322.0,129460543488.0
2018-08-14,2780.74,2789.44,2766.57,2780.96,1095710.0,112465395712.0
2018-08-15,2777.25,2777.7,2721.24,2723.26,1161617.0,118707675136.0
2018-08-16,2691.43,2732.95,2672.74,2705.19,1202778.0,117580996608.0
2018-08-17,2723.89,2730.33,2665.59,2668.97,1124453.0,115499393024.0
2018-08-20,2673.07,2698.47,2653.11,2698.47,1107841.0,114047614976.0
2018-08-21,2700.34,2739.17,2696.29,2733.83,1135868.0,122260217856.0
2018-08-22,2731.96,2731.96,2709.06,2714.61,936646.0,98463973376.0
2018-08-23,2714.87,2736.01,2700.8,2724.62,984464.0,107826020352.0
2018-08-24,2717.08,2748.82,2705.32,2729.43,1005162.0,102665797632.0
2018-08-27,2736.32,2780.9,2736.32,2780.9,1327625.0,141429686272.0
2018-08-28,2782.29,2791.39,2769.4,2777.98,1187493.0,125118578688.0
2018-08-29,2774.86,2778.54,2762.35,2769.29,1001569.0,101220663296.0
2018-08-30,2769.33,2780.53,2736.35,2737.74,1060609.0,106400399360.0
2018-08-31,2730.11,2744.63,2710.54,2725.25,1097587.0,114813353984.0
2018-09-03,2716.4,2722.85,2692.36,2720.73,1022130.0,104817688576.0
2018-09-04,2720.65,2756.61,2712.38,2750.58,1090103.0,113708883968.0
2018-09-05,2741.38,2745.47,2704.34,2704.34,1050022.0,107269447680.0
2018-09-06,2697.58,2719.41,2683.74,2691.59,990178.0,106266083328.0
2018-09-07,2696.68,2728.55,2683.72,2702.3,1075233.0,113840070656.0
2018-09-10,2698.01,2703.43,2667.32,2669.48,1035591.0,102860718080.0
2018-09-11,2668.49,2680.57,2652.7,2664.8,998659.0,96884580352.0
2018-09-12,2659.74,2672.07,2647.17,2656.11,900267.0,93448208384.0
2018-09-13,2679.21,2689.06,2653.19,2686.58,1073350.0,112464142336.0
2018-09-14,2688.78,2694.92,2675.29,2681.64,1000050.0,104992358400.0
2018-09-17,2671.29,2671.29,2647.92,2651.79,882388.0,86962601984.0
2018-09-18,2644.3,2700.19,2644.3,2699.95,1157679.0,113031888896.0
2018-09-19,2694.8,2746.08,2690.99,2730.85,1415503.0,140107005952.0
2018-09-20,2732.17,2743.96,2724.08,2729.24,1113874.0,104875868160.0
2018-09-21,2733.87,2797.49,2722.03,2797.48,1580166.0,148976353280.0
2018-09-25,2775.07,2790.03,2771.16,2781.14,1119831.0,108528050176.0
2018-09-26,2785.32,2827.34,2783.34,2806.81,1395677.0,145058775040.0
2018-09-27,2805.79,2810.51,2786.32,2791.77,1239977.0,123447713792.0
2018-09-28,2794.26,2821.76,2791.84,2821.35,1342904.0,125369991168.0
2018-10-08,2768.21,2771.94,2710.18,2716.51,1495013.0,141531545600.0
2018-10-09,2713.73,2734.31,2711.2,2721.01,1167719.0,110292459520.0
2018-10-10,2723.72,2743.55,2703.06,2725.84,1134857.0,111312453632.0
2018-10-11,2643.07,2661.29,2560.32,2583.46,1971507.0,170057760768.0
2018-10-12,2574.04,2615.92,2536.67,2606.91,1700816.0,142803206144.0
2018-10-15,2605.91,2611.97,2564.74,2568.1,1185762.0,105214738432.0
2018-10-16,2567.76,2597.72,2536.44,2546.33,1194191.0,106792247296.0
2018-10-17,2574.31,2582.55,2517.57,2561.61,1299540.0,117388353536.0
2018-10-18,2544.91,2544.91,2485.62,2486.42,1254285.0,106576764928.0
2018-10-19,2460.08,2553.39,2449.2,2550.47,1473235.0,130095923200.0
2018-10-22,2565.64,2675.41,2565.64,2654.88,2118884.0,197309808640.0
2018-10-23,2652.65,2659.81,2583.26,2594.83,1783435.0,166919405568.0
2018-10-24,2579.97,2640.4,2577.77,2603.3,1600604.0,142082162688.0
2018-10-25,2540.93,2606.1,2531.53,2603.8,1620329.0,137630187520.0
2018-10-26,2610.9,2626.12,2580.85,2598.85,1589361.0,133415493632.0
2018-10-29,2593.59,2595.54,2529.19,2542.1,1342419.0,122500038656.0
2018-10-30,2538.57,2586.92,2521.78,2568.05,1666823.0,152385929216.0
2018-10-31,2573.01,2612.92,2567.03,2602.78,1805503.0,154894729216.0
2018-11-01,2617.03,2636.8,2603.65,2606.24,2009039.0,180253802496.0
2018-11-02,2649.25,2676.48,2628.87,2676.48,2250269.0,207861563392.0
2018-11-05,2665.43,2673.19,2639.27,2665.43,1937601.0,168588918784.0
2018-11-06,2660.72,2660.86,2635.32,2659.36,1636694.0,138800939008.0
2018-11-07,2659.84,2675.68,2639.25,2641.34,1732019.0,147261816832.0
2018-11-08,2660.09,2662.37,2632.3,2635.63,1596354.0,128668819456.0
2018-11-09,2621.24,2621.24,2598.16,2598.87,1524463.0,121260490752.0
2018-11-12,2593.2,2631.17,2590.21,2630.52,1750313.0,142351433728.0
2018-11-13,2600.5,2666.49,2597.35,2654.88,2492824.0,189607231488.0
2018-11-14,2648.31,2658.31,2627.96,2632.24,2384493.0,176970432512.0
2018-11-15,2632.14,2668.17,2631.89,2668.17,2078487.0,171882496000.0
2018-11-16,2669.78,2695.57,2657.03,2679.11,2421988.0,204983599104.0
2018-11-19,2681.9,2703.51,2674.18,2703.51,2316628.0,196562714624.0
2018-11-20,2684.29,2690.83,2643.36,2645.85,2158913.0,180870414336.0
2018-11-21,2619.82,2653.8,2617.78,2651.51,1825964.0,149375778816.0
2018-11-22,2655.9,2658.0,2634.48,2645.43,1493090.0,125570170880.0
2018-11-23,2640.67,2642.04,2577.35,2579.48,1914745.0,149975646208.0
2018-11-26,2580.84,2595.0,2568.04,2575.81,1343145.0,108158091264.0
2018-11-27,2585.83,2592.54,2566.17,2574.68,1236584.0,102226558976.0
2018-11-28,2575.45,2601.96,2561.56,2601.74,1459634.0,119578492928.0
2018-11-29,2613.78,2617.55,2567.44,2567.44,1571687.0,129472446464.0
2018-11-30,2564.56,2590.21,2555.32,2588.19,1393290.0,112219824128.0
2018-12-03,2647.13,2665.3,2629.18,2654.8,2074789.0,187831795712.0
2018-12-04,2651.56,2666.08,2644.9,2665.96,1679405.0,144143400960.0
2018-12-05,2629.83,2660.39,2625.91,2649.81,1545020.0,133730205696.0
2018-12-06,2629.82,2633.68,2603.13,2605.18,1416616.0,129092976640.0
2018-12-07,2609.34,2614.58,2599.28,2605.89,1090749.0,97727660032.0
2018-12-10,2589.19,2599.76,2576.24,2584.58,1131996.0,99148144640.0
2018-12-11,2587.01,2596.15,2583.2,2594.09,1013043.0,85404123136.0
2018-12-12,2608.11,2610.01,2595.07,2602.15,1035183.0,88998199296.0
2018-12-13,2607.14,2645.84,2599.46,2634.05,1507381.0,132396105728.0
2018-12-14,2627.28,2629.16,2593.74,2593.74,1459425.0,123724988416.0
2018-12-17,2587.26,2598.97,2573.87,2597.97,1173632.0,102960848896.0
2018-12-18,2583.63,2599.15,2563.57,2576.65,1170333.0,99306536960.0
2018-12-19,2578.68,2579.87,2547.08,2549.56,1076618.0,93713178624.0
2018-12-20,2544.51,2554.86,2516.02,2536.27,1205665.0,103504986112.0
2018-12-21,2526.55,2527.42,2498.69,2516.25,1156712.0,101360623616.0
2018-12-24,2506.74,2529.44,2500.44,2527.01,973398.0,85760933888.0
2018-12-25,2503.95,2513.96,2462.84,2504.82,1406705.0,114766012416.0
2018-12-26,2501.12,2513.83,2492.08,2498.29,1087996.0,93989535744.0
2018-12-27,2527.72,2532.0,2483.09,2483.09,1354068.0,112479764480.0
2018-12-28,2483.62,2505.11,2478.32,2493.9,1192452.0,105980854272.0
2019-01-02,2497.88,2500.28,2456.42,2465.29,1099320.0,97592573952.0
2019-01-03,2461.78,2488.48,2455.93,2464.36,1243975.0,106922786816.0
2019-01-04,2446.02,2515.32,2440.91,2514.87,1688776.0,139298668544.0
2019-01-07,2528.7,2536.98,2515.51,2533.09,1773050.0,145513234432.0
2019-01-08,2530.3,2531.35,2520.16,2526.46,1580991.0,123379040256.0
2019-01-09,2536.42,2574.41,2536.16,2544.35,1918879.0,160812531712.0
2019-01-10,2543.85,2551.83,2531.66,2535.1,1598743.0,132692328448.0
2019-01-11,2539.55,2554.79,2533.36,2553.83,1494441.0,122375659520.0
2019-01-14,2553.33,2556.29,2533.01,2535.77,1448254.0,116243415040.0
2019-01-15,2537.37,2571.5,2532.43,2570.35,1602655.0,137374982144.0
2019-01-16,2569.07,2574.24,2563.01,2570.42,1493015.0,126876311552.0
2019-01-17,2573.58,2582.56,2557.71,2559.64,1624681.0,127546130432.0
2019-01-18,2567.74,2598.88,2565.9,2596.01,1907672.0,151270424576.0
2019-01-21,2599.06,2618.98,2599.06,2610.51,1634251.0,139915493376.0
2019-01-22,2609.64,2609.64,2573.06,2579.7,1525377.0,122995433472.0
2019-01-23,2575.26,2589.51,2572.41,2581.0,1314268.0,105101320192.0
2019-01-24,2584.65,2597.29,2569.7,2591.69,1540420.0,131575037952.0
2019-01-25,2596.26,2617.0,2595.63,2601.72,1593940.0,135415169024.0
2019-01-28,2615.71,2630.32,2591.1,2596.98,1469817.0,127465635840.0
2019-01-29,2592.36,2601.74,2559.98,2594.25,1555811.0,126749048832.0
2019-01-30,2584.75,2598.81,2575.41,2575.58,1205025.0,101103927296.0
2019-01-31,2581.33,2606.63,2571.58,2584.57,1543038.0,126013243392.0
2019-02-01,2597.78,2618.48,2590.55,2618.23,1319868.0,111522627584.0
2019-02-11,2613.17,2654.1,2613.17,2653.9,1548988.0,137307193344.0
2019-02-12,2654.03,2674.48,2648.83,2671.89,1841011.0,156741533696.0
2019-02-13,2674.52,2727.07,2666.52,2721.07,2437940.0,207125315584.0
2019-02-14,2715.54,2729.46,2707.49,2719.7,1970373.0,170330832896.0
2019-02-15,2712.79,2715.63,2679.78,2682.39,1960042.0,169823256576.0
2019-02-18,2699.82,2754.36,2699.82,2754.36,2604360.0,224184074240.0
2019-02-19,2759.5,2780.78,2737.59,2755.65,2880462.0,247121051648.0
2019-02-20,2761.06,2767.41,2739.98,2761.22,2459725.0,205446922240.0
2019-02-21,2759.94,2794.01,2744.98,2751.8,2986499.0,253033381888.0
2019-02-22,2749.46,2804.23,2736.33,2804.23,3014814.0,264518877184.0
2019-02-25,2838.39,2961.8,2838.39,2961.28,5286586.0,465991434240.0
2019-02-26,2969.1,2995.68,2938.62,2941.52,5655579.0,492396544000.0
2019-02-27,2939.93,2997.49,2924.64,2953.82,4749764.0,411837628416.0
2019-02-28,2950.05,2965.3,2930.2,2940.95,3502066.0,298763943936.0
2019-03-01,2954.4,2994.0,2930.83,2994.0,3457862.0,307337658368.0
2019-03-04,3015.94,3090.8,3006.94,3027.58,5256494.0,480603668480.0
2019-03-05,3019.88,3054.96,3009.45,3054.25,4241425.0,382768545792.0
2019-03-06,3060.43,3103.83,3050.11,3102.1,5550063.0,485478334464.0
2019-03-07,3103.67,3129.94,3074.98,3106.42,5838171.0,525725237248.0
2019-03-08,3038.34,3075.05,2969.58,2969.86,5778555.0,525598261248.0
2019-03-11,2969.08,3028.25,2963.58,3026.99,4262130.0,404368424960.0
2019-03-12,3049.08,3093.39,3029.9,3060.31,5111731.0,487066632192.0
2019-03-13,3062.33,3065.29,3013.93,3026.95,4532146.0,451247308800.0
2019-03-14,3013.6,3041.16,2968.82,2990.69,3731418.0,356240359424.0
2019-03-15,3000.88,3048.12,2999.43,3021.75,3412061.0,344721489920.0
2019-03-18,3027.8,3096.42,3009.51,3096.42,3977971.0,398469595136.0
2019-03-19,3099.9,3113.43,3076.36,3090.98,3509088.0,353216790528.0
2019-03-20,3084.17,3102.52,3053.45,3090.64,3585575.0,349295411200.0
2019-03-21,3094.12,3125.02,3086.85,3101.46,4142511.0,403939819520.0
2019-03-22,3100.73,3107.28,3064.88,3104.15,3648483.0,356678336512.0
2019-03-25,3058.8,3087.0,3041.95,3043.03,3802787.0,375375659008.0
2019-03-26,3057.56,3062.69,2988.49,2997.1,3534980.0,341444820992.0
2019-03-27,3012.26,3022.76,2987.77,3022.72,2913903.0,295075971072.0
2019-03-28,3009.8,3025.78,2991.78,2994.94,2881064.0,289554563072.0
2019-03-29,3000.68,3093.03,2999.99,3090.76,3750829.0,386699624448.0
2019-04-01,3111.66,3176.62,3111.66,3170.36,4661247.0,480085934080.0
2019-04-02,3183.27,3193.27,3164.91,3176.82,4470690.0,462662074368.0
2019-04-03,3159.15,3219.26,3152.33,3216.3,4305486.0,442622050304.0
2019-04-04,3233.69,3254.14,3216.85,3246.57,4691176.0,475156381696.0
2019-04-08,3271.27,3288.45,3210.52,3244.81,5045184.0,506431242240.0
2019-04-09,3240.39,3251.65,3215.7,3239.66,3641699.0,380272967680.0
2019-04-10,3224.65,3264.78,3204.88,3241.93,3801344.0,395669962752.0
2019-04-11,3241.55,3254.13,3185.55,3189.96,3530318.0,360684552192.0
2019-04-12,3184.86,3199.28,3168.04,3188.63,2897890.0,288908967936.0
2019-04-15,3233.46,3253.98,3177.27,3177.79,3488098.0,355666132992.0
2019-04-16,3164.4,3253.6,3153.21,3253.6,3579187.0,360166621184.0
2019-04-17,3250.15,3275.33,3239.8,3263.12,3575418.0,354509881344.0
2019-04-18,3261.07,3271.39,3241.83,3250.2,3255399.0,323508174848.0
2019-04-19,3250.15,3274.33,3226.81,3270.8,3151980.0,315131920384.0
2019-04-22,3278.49,3279.49,3206.88,3215.04,3532173.0,359154286592.0
2019-04-23,3211.87,3231.58,3186.76,3198.59,3283612.0,324870176768.0
2019-04-24,3203.56,3210.65,3156.61,3201.61,2748721.0,278410854400.0
2019-04-25,3190.59,3193.75,3123.03,3123.83,3258791.0,309076099072.0
2019-04-26,3108.16,3129.21,3085.8,3086.4,2808738.0,274776408064.0
2019-04-29,3090.63,3107.76,3050.03,3062.5,2921148.0,289063272448.0
2019-04-30,3052.62,3088.41,3052.62,3078.34,2223025.0,225498136576.0
2019-05-06,2984.73,2986.54,2876.47,2906.46,3269722.0,314336509952.0
2019-05-07,2914.29,2937.28,2889.07,2926.39,2532817.0,245444214784.0
2019-05-08,2873.14,2929.43,2866.7,2893.76,2315305.0,218892615680.0
2019-05-09,2871.2,2888.86,2845.04,2850.95,2000411.0,197446877184.0
2019-05-10,2878.23,2941.45,2838.38,2939.21,2823068.0,274176262144.0
2019-05-13,2905.07,2921.41,2892.17,2903.71,2120299.0,202624122880.0
2019-05-14,2872.83,2909.2,2872.83,2883.61,2083453.0,201223307264.0
2019-05-15,2902.64,2945.39,2902.64,2938.68,2305197.0,226262777856.0
2019-05-16,2933.5,2956.17,2929.06,2955.71,2483857.0,226203074560.0
2019-05-17,2955.77,2956.78,2873.8,2882.3,2663016.0,247875174400.0
2019-05-20,2874.8,2882.63,2838.45,2870.6,2094724.0,199210778624.0
2019-05-21,2867.71,2919.24,2862.5,2905.97,2113870.0,202777772032.0
2019-05-22,2905.52,2912.4,2879.64,2891.7,2000269.0,193629372416.0
2019-05-23,2880.84,2885.14,2846.96,2852.52,1973403.0,192869482496.0
2019-05-24,2847.84,2871.86,2846.02,2852.99,1672054.0,162689318912.0
2019-05-27,2851.28,2898.13,2833.04,2892.38,1967209.0,193768718336.0
2019-05-28,2890.27,2924.04,2887.08,2909.91,2233105.0,227253813248.0
2019-05-29,2894.83,2934.98,2890.66,2914.7,1989588.0,202855038976.0
2019-05-30,2903.42,2907.85,2881.38,2905.81,2057587.0,197105549312.0
2019-05-31,2904.5,2922.91,2895.58,2898.7,1952305.0,191280398336.0
2019-06-03,2901.74,2920.83,2875.9,2890.08,2159435.0,208073326592.0
2019-06-04,2887.64,2888.39,2851.97,2862.28,1884635.0,181118910464.0
2019-06-05,2882.94,2888.77,2858.57,2861.42,1815610.0,175200845824.0
2019-06-06,2862.33,2862.33,2822.19,2827.8,1770644.0,164850548736.0
2019-06-10,2833.01,2861.13,2824.36,2852.13,1665859.0,162489827328.0
2019-06-11,2854.07,2927.43,2854.07,2925.72,2605258.0,254479990784.0
2019-06-12,2917.22,2924.7,2903.88,2909.38,2402557.0,223063949312.0
2019-06-13,2905.29,2918.42,2885.92,2910.74,2129578.0,191748210688.0
2019-06-14,2913.0,2924.32,2879.66,2881.97,2154358.0,194303115264.0
2019-06-17,2880.42,2902.48,2877.39,2887.62,1539649.0,143141634048.0
2019-06-18,2891.09,2898.33,2874.31,2890.16,1477053.0,136935235584.0
2019-06-19,2944.12,2953.34,2916.21,2917.8,2307569.0,225567260672.0
2019-06-20,2917.33,2997.39,2915.09,2987.12,2910115.0,288296534016.0
2019-06-21,2990.37,3010.35,2989.25,3001.98,2869738.0,276662452224.0
2019-06-24,3004.29,3012.83,2994.42,3008.15,2104939.0,211237175296.0
2019-06-25,3004.91,3004.91,2948.99,2982.07,2436992.0,244315078656.0
2019-06-26,2964.62,2986.91,2958.46,2976.28,1744495.0,172516048896.0
2019-06-27,2982.61,3011.54,2981.04,2996.79,1953970.0,208618651648.0
2019-06-28,2992.24,2992.24,2961.22,2978.88,1814315.0,183641767936.0
